Account ID,Player ID,Video ID,Year,Race,Session
6057949432001,k9CLwmWhs,1727648163580300160,2022,Bahrain,Free Practice 1
6057949432001,k9CLwmWhs,1727660597559868756,2022,Bahrain,Free Practice 2
6057949432001,k9CLwmWhs,1727738323997203833,2022,Bahrain,Free Practice 3
6057949432001,k9CLwmWhs,1727746279678504877,2022,Bahrain,Qualifying
6057949432001,k9CLwmWhs,1727840339622739898,2022,Bahrain,Race
6057949432001,k9CLwmWhs,1728291240792814192,2022,Saudi Arabia,Free Practice 1
6057949432001,k9CLwmWhs,1728306190687874442,2022,Saudi Arabia,Free Practice 2
6057949432001,k9CLwmWhs,1728380002601185900,2022,Saudi Arabia,Free Practice 3
6057949432001,k9CLwmWhs,1728392365045829177,2022,Saudi Arabia,Qualifying
6057949432001,k9CLwmWhs,1728483569700793625,2022,Saudi Arabia,Race
6057949432001,k9CLwmWhs,1729519708293505123,2022,Australia,Free Practice 1
6057949432001,k9CLwmWhs,1729528551006223414,2022,Australia,Free Practice 2
6057949432001,k9CLwmWhs,1729607727194213382,2022,Australia,Free Practice 3
6057949432001,k9CLwmWhs,1729617753087486945,2022,Australia,Qualifying
6057949432001,k9CLwmWhs,1729706859948748282,2022,Australia,Race
6057949432001,k9CLwmWhs,1730816738959650725,2022,Emilia Romagna,Free Practice 1
6057949432001,k9CLwmWhs,1730829539726003759,2022,Emilia Romagna,Qualifying
6057949432001,k9CLwmWhs,1730902784185678907,2022,Emilia Romagna,Free Practice 2
6057949432001,k9CLwmWhs,1730915239261465130,2022,Emilia Romagna,Sprint
6057949432001,k9CLwmWhs,1731004655803036284,2022,Emilia Romagna,Race
6057949432001,k9CLwmWhs,1732112558793378702,2022,Miami,Free Practice 1
6057949432001,k9CLwmWhs,1732127219400953396,2022,Miami,Free Practice 2
6057949432001,k9CLwmWhs,1732198605378244770,2022,Miami,Free Practice 3
6057949432001,k9CLwmWhs,1732204870196245664,2022,Miami,Qualifying
6057949432001,k9CLwmWhs,1732298755351095289,2022,Miami,Race
6057949432001,k9CLwmWhs,1733357209119477305,2022,Spain,Free Practice 1
6057949432001,k9CLwmWhs,1733369419415867322,2022,Spain,Free Practice 2
6057949432001,k9CLwmWhs,1733442993946311739,2022,Spain,Free Practice 3
6057949432001,k9CLwmWhs,1733452571498941384,2022,Spain,Qualifying
6057949432001,k9CLwmWhs,1733546151453200641,2022,Spain,Race
6057949432001,k9CLwmWhs,1733990228362673094,2022,Monaco,Free Practice 1
6057949432001,k9CLwmWhs,1734000889708767789,2022,Monaco,Free Practice 2
6057949432001,k9CLwmWhs,1734075003803941833,2022,Monaco,Free Practice 3
6057949432001,k9CLwmWhs,1734085936600284361,2022,Monaco,Qualifying
6057949432001,k9CLwmWhs,1734179881442249672,2022,Monaco,Race
6057949432001,k9CLwmWhs,1735255534593731862,2022,Azerbaijan,Free Practice 1
6057949432001,k9CLwmWhs,1735267165968219985,2022,Azerbaijan,Free Practice 2
6057949432001,k9CLwmWhs,1735346260450060725,2022,Azerbaijan,Free Practice 3
6057949432001,k9CLwmWhs,1735354760578419599,2022,Azerbaijan,Qualifying
6057949432001,k9CLwmWhs,1735437922379684245,2022,Azerbaijan,Race
6057949432001,k9CLwmWhs,1735915753411878262,2022,Canada,Free Practice 1
6057949432001,k9CLwmWhs,1735926605603097483,2022,Canada,Free Practice 2
6057949432001,k9CLwmWhs,1736002639311663732,2022,Canada,Free Practice 3
6057949432001,k9CLwmWhs,1736012466156916669,2022,Canada,Qualifying
6057949432001,k9CLwmWhs,1736098267645512715,2022,Canada,Race
6057949432001,k9CLwmWhs,1737160365188231780,2022,Great Britain,Free Practice 1
6057949432001,k9CLwmWhs,1737174291174067758,2022,Great Britain,Free Practice 2
6057949432001,k9CLwmWhs,1737246146359593680,2022,Great Britain,Free Practice 3
6057949432001,k9CLwmWhs,1737255903180994444,2022,Great Britain,Qualifying
6057949432001,k9CLwmWhs,1737354370273451310,2022,Great Britain,Race
6057949432001,k9CLwmWhs,1737792247107014202,2022,Austria,Free Practice 1
6057949432001,k9CLwmWhs,1737804613274247270,2022,Austria,Qualifying
6057949432001,k9CLwmWhs,1737879045822819300,2022,Austria,Free Practice 2
6057949432001,k9CLwmWhs,1737891778367663079,2022,Austria,Sprint
6057949432001,k9CLwmWhs,1737982029499184298,2022,Austria,Race
6057949432001,k9CLwmWhs,1739063212150616698,2022,France,Free Practice 1
6057949432001,k9CLwmWhs,1739074612825624105,2022,France,Free Practice 2
6057949432001,k9CLwmWhs,1739149074301260047,2022,France,Free Practice 3
6057949432001,k9CLwmWhs,1739157641144195450,2022,France,Qualifying
6057949432001,k9CLwmWhs,1739248935437775462,2022,France,Race
6057949432001,k9CLwmWhs,1739696446551031615,2022,Hungary,Free Practice 1
6057949432001,k9CLwmWhs,1739707143290829882,2022,Hungary,Free Practice 2
6057949432001,k9CLwmWhs,1739783207378693504,2022,Hungary,Free Practice 3
6057949432001,k9CLwmWhs,1739792352149335976,2022,Hungary,Qualifying
6057949432001,k9CLwmWhs,1739883541458412523,2022,Hungary,Race
6057949432001,k9CLwmWhs,1742233510588926291,2022,Belgium,Free Practice 1
6057949432001,k9CLwmWhs,1742245212151836066,2022,Belgium,Free Practice 2
6057949432001,k9CLwmWhs,1742319445843224565,2022,Belgium,Free Practice 3
6057949432001,k9CLwmWhs,1742331091895643236,2022,Belgium,Qualifying
6057949432001,k9CLwmWhs,1742421102351564629,2022,Belgium,Race
6057949432001,k9CLwmWhs,1742863975670836645,2022,Netherlands,Free Practice 1
6057949432001,k9CLwmWhs,1742880295998077901,2022,Netherlands,Free Practice 2
6057949432001,k9CLwmWhs,1742952227596606766,2022,Netherlands,Free Practice 3
6057949432001,k9CLwmWhs,1742961656692932400,2022,Netherlands,Qualifying
6057949432001,k9CLwmWhs,1743059279740244777,2022,Netherlands,Race
6057949432001,k9CLwmWhs,1743502255212836739,2022,Italy,Free Practice 1
6057949432001,k9CLwmWhs,1743514700641800462,2022,Italy,Free Practice 2
6057949432001,k9CLwmWhs,1743588015352943397,2022,Italy,Free Practice 3
6057949432001,k9CLwmWhs,1743597007437466568,2022,Italy,Qualifying
6057949432001,k9CLwmWhs,1743687764029659546,2022,Italy,Race
6057949432001,k9CLwmWhs,1745396556150795362,2022,Singapore,Free Practice 1
6057949432001,k9CLwmWhs,1745408061507212064,2022,Singapore,Free Practice 2
6057949432001,k9CLwmWhs,1745487970641470441,2022,Singapore,Free Practice 3
6057949432001,k9CLwmWhs,1745497142431009671,2022,Singapore,Qualifying
6057949432001,k9CLwmWhs,1745591321322503509,2022,Singapore,Race
6057949432001,k9CLwmWhs,1746005875394197379,2022,Japan,Free Practice 1
6057949432001,k9CLwmWhs,1746018129856506031,2022,Japan,Free Practice 2
6057949432001,k9CLwmWhs,1746095580661091885,2022,Japan,Free Practice 3
6057949432001,k9CLwmWhs,1746104053508454284,2022,Japan,Qualifying
6057949432001,k9CLwmWhs,1746200537455391345,2022,Japan,Race
6057949432001,k9CLwmWhs,1747333694159137764,2022,United States,Free Practice 1
6057949432001,k9CLwmWhs,1747346270062525389,2022,United States,Free Practice 2
6057949432001,k9CLwmWhs,1747423705922628891,2022,United States,Free Practice 3
6057949432001,k9CLwmWhs,1747432345591263843,2022,United States,Qualifying
6057949432001,k9CLwmWhs,1747516470836705161,2022,United States,Race
6057949432001,k9CLwmWhs,1747963888780814323,2022,Mexico,Free Practice 1
6057949432001,k9CLwmWhs,1747977999441793280,2022,Mexico,Free Practice 2
6057949432001,k9CLwmWhs,1748049474967502652,2022,Mexico,Free Practice 3
6057949432001,k9CLwmWhs,1748058838293899809,2022,Mexico,Qualifying
6057949432001,k9CLwmWhs,1748152548998353707,2022,Mexico,Race
6057949432001,k9CLwmWhs,1749223364977600956,2022,Brasil,Free Practice 1
6057949432001,k9CLwmWhs,1749234465368918921,2022,Brasil,Qualifying
6057949432001,k9CLwmWhs,1749312536831769947,2022,Brasil,Free Practice 2
6057949432001,k9CLwmWhs,1749324937960491740,2022,Brasil,Sprint
6057949432001,k9CLwmWhs,1749414075187535976,2022,Brasil,Race
6057949432001,k9CLwmWhs,1749835894007606254,2022,Abu Dhabi,Free Practice 1
6057949432001,k9CLwmWhs,1749847672406102176,2022,Abu Dhabi,Free Practice 2
6057949432001,k9CLwmWhs,1749928544224329051,2022,Abu Dhabi,Free Practice 3
6057949432001,k9CLwmWhs,1749939684553739150,2022,Abu Dhabi,Qualifying
6057949432001,k9CLwmWhs,1750028915790671132,2022,Abu Dhabi,Race
6057949432001,k9CLwmWhs,1759354030670069687,2023,Bahrain,Free Practice 1
6057949432001,k9CLwmWhs,1759367958704861805,2023,Bahrain,Free Practice 2
6057949432001,k9CLwmWhs,1759444567180884521,2023,Bahrain,Free Practice 3
6057949432001,k9CLwmWhs,1759456111614704698,2023,Bahrain,Qualifying
6057949432001,k9CLwmWhs,1759548308268592105,2023,Bahrain,Race
6057949432001,k9CLwmWhs,1760633997607483947,2023,Saudi Arabia,Free Practice 1
6057949432001,k9CLwmWhs,1760647407031217262,2023,Saudi Arabia,Free Practice 2
6057949432001,k9CLwmWhs,1760721207470941157,2023,Saudi Arabia,Free Practice 3
6057949432001,k9CLwmWhs,1760732308556434317,2023,Saudi Arabia,Qualifying
6057949432001,k9CLwmWhs,1760825865082425277,2023,Saudi Arabia,Race
6057949432001,k9CLwmWhs,1761856050404690895,2023,Australia,Free Practice 1
6057949432001,k9CLwmWhs,1761867991967788137,2023,Australia,Free Practice 2
6057949432001,k9CLwmWhs,1761945845308920070,2023,Australia,Free Practice 3
6057949432001,k9CLwmWhs,1761957173455139438,2023,Australia,Qualifying
6057949432001,k9CLwmWhs,1762054206681693531,2023,Australia,Race
6057949432001,k9CLwmWhs,1764421120258116546,2023,Azerbaijan,Free Practice 1
6057949432001,k9CLwmWhs,1764432608758698787,2023,Azerbaijan,Qualifying
6057949432001,k9CLwmWhs,1764504185714092028,2023,Azerbaijan,Sprint Shootout
6057949432001,k9CLwmWhs,1764523749063695728,2023,Azerbaijan,Sprint
6057949432001,k9CLwmWhs,1764606989877270904,2023,Azerbaijan,Race
6057949432001,k9CLwmWhs,1765087752402976592,2023,Miami,Free Practice 1
6057949432001,k9CLwmWhs,1765100796202899869,2023,Miami,Free Practice 2
6057949432001,k9CLwmWhs,1765170901536395191,2023,Miami,Free Practice 3
6057949432001,k9CLwmWhs,1765182271109655651,2023,Miami,Qualifying
6057949432001,k9CLwmWhs,1765272846143942572,2023,Miami,Race
6057949432001,k9CLwmWhs,1766965734093535776,2023,Monaco,Free Practice 1
6057949432001,k9CLwmWhs,1766978728465702263,2023,Monaco,Free Practice 2
6057949432001,k9CLwmWhs,1767052074186271270,2023,Monaco,Free Practice 3
6057949432001,k9CLwmWhs,1767064677525578722,2023,Monaco,Qualifying
6057949432001,k9CLwmWhs,1767154702935308839,2023,Monaco,Race
6057949432001,k9CLwmWhs,1767598828322504541,2023,Spain,Free Practice 1
6057949432001,k9CLwmWhs,1767612491331638058,2023,Spain,Free Practice 2
6057949432001,k9CLwmWhs,1767686089968925756,2023,Spain,Free Practice 3
6057949432001,k9CLwmWhs,1767696888610347423,2023,Spain,Qualifying
6057949432001,k9CLwmWhs,1767786211990964957,2023,Spain,Race
6057949432001,k9CLwmWhs,1768888465593543656,2023,Canada,Free Practice 1
6057949432001,k9CLwmWhs,1768904539316870464,2023,Canada,Free Practice 2
6057949432001,k9CLwmWhs,1768976356243095386,2023,Canada,Free Practice 3
6057949432001,k9CLwmWhs,1768989118398617973,2023,Canada,Qualifying
6057949432001,k9CLwmWhs,1769074700388921975,2023,Canada,Race
6057949432001,k9CLwmWhs,1770135597565823324,2023,Austria,Free Practice 1
6057949432001,k9CLwmWhs,1770146286176009416,2023,Austria,Qualifying
6057949432001,k9CLwmWhs,1770216280486128610,2023,Austria,Sprint Shootout
6057949432001,k9CLwmWhs,1770235218892856691,2023,Austria,Sprint
6057949432001,k9CLwmWhs,1770324382778826096,2023,Austria,Race
6057949432001,k9CLwmWhs,1770770317645260964,2023,Great Britain,Free Practice 1
6057949432001,k9CLwmWhs,1770783696932908009,2023,Great Britain,Free Practice 2
6057949432001,k9CLwmWhs,1770856919299222955,2023,Great Britain,Free Practice 3
6057949432001,k9CLwmWhs,1770867725545900759,2023,Great Britain,Qualifying
6057949432001,k9CLwmWhs,1770959937123336018,2023,Great Britain,Race
6057949432001,k9CLwmWhs,1772040103784190761,2023,Hungary,Free Practice 1
6057949432001,k9CLwmWhs,1772051897496034632,2023,Hungary,Free Practice 2
6057949432001,k9CLwmWhs,1772124582559293542,2023,Hungary,Free Practice 3
6057949432001,k9CLwmWhs,1772135757093226836,2023,Hungary,Qualifying
6057949432001,k9CLwmWhs,1772226560272546343,2023,Hungary,Race
6057949432001,k9CLwmWhs,1772673681426557100,2023,Belgium,Free Practice 1
6057949432001,k9CLwmWhs,1772683804935134508,2023,Belgium,Qualifying
6057949432001,k9CLwmWhs,1772756159041576229,2023,Belgium,Sprint Shootout
6057949432001,k9CLwmWhs,1772775659969274863,2023,Belgium,Sprint
6057949432001,k9CLwmWhs,1772860767213624692,2023,Belgium,Race
6057949432001,k9CLwmWhs,1775205284495320033,2023,Netherlands,Free Practice 1
6057949432001,k9CLwmWhs,1775218180301446479,2023,Netherlands,Free Practice 2
6057949432001,k9CLwmWhs,1775291275842354994,2023,Netherlands,Free Practice 3
6057949432001,k9CLwmWhs,1775304718661152169,2023,Netherlands,Qualifying
6057949432001,k9CLwmWhs,1775400929489508762,2023,Netherlands,Race
6057949432001,k9CLwmWhs,1775843364983104486,2023,Italy,Free Practice 1
6057949432001,k9CLwmWhs,1775856295094388876,2023,Italy,Free Practice 2
6057949432001,k9CLwmWhs,1775930481379742499,2023,Italy,Free Practice 3
6057949432001,k9CLwmWhs,1775939844575159265,2023,Italy,Qualifying
6057949432001,k9CLwmWhs,1776031407744559268,2023,Italy,Race
6057949432001,k9CLwmWhs,1777104656938298685,2023,Singapore,Free Practice 1
6057949432001,k9CLwmWhs,1777118141601393078,2023,Singapore,Free Practice 2
6057949432001,k9CLwmWhs,1777194662510947747,2023,Singapore,Free Practice 3
6057949432001,k9CLwmWhs,1777207399775315957,2023,Singapore,Qualifying
6057949432001,k9CLwmWhs,1777299688858167742,2023,Singapore,Race
6057949432001,k9CLwmWhs,1777712902196615580,2023,Japan,Free Practice 1
6057949432001,k9CLwmWhs,1777725236867677529,2023,Japan,Free Practice 2
6057949432001,k9CLwmWhs,1777801868183755135,2023,Japan,Free Practice 3
6057949432001,k9CLwmWhs,1777813992525095919,2023,Japan,Qualifying
6057949432001,k9CLwmWhs,1777902388988699618,2023,Japan,Race
6057949432001,k9CLwmWhs,1779021899472215421,2023,Qatar,Free Practice 1
6057949432001,k9CLwmWhs,1779033120729555941,2023,Qatar,Qualifying
6057949432001,k9CLwmWhs,1779107841752062331,2023,Qatar,Sprint Shootout
6057949432001,k9CLwmWhs,1779125709804895432,2023,Qatar,Sprint
6057949432001,k9CLwmWhs,1779218685845564722,2023,Qatar,Race
6057949432001,k9CLwmWhs,1780305635932290392,2023,United States,Free Practice 1
6057949432001,k9CLwmWhs,1780316731645839696,2023,United States,Qualifying
6057949432001,k9CLwmWhs,1780391898996647923,2023,United States,Sprint Shootout
6057949432001,k9CLwmWhs,1780408616227884984,2023,United States,Sprint
6057949432001,k9CLwmWhs,1780492142037138626,2023,United States,Race
6057949432001,k9CLwmWhs,1780942867356541932,2023,Mexico,Free Practice 1
6057949432001,k9CLwmWhs,1780955618515824001,2023,Mexico,Free Practice 2
6057949432001,k9CLwmWhs,1781028832092695520,2023,Mexico,Free Practice 3
6057949432001,k9CLwmWhs,1781039828185213476,2023,Mexico,Qualifying
6057949432001,k9CLwmWhs,1781131613998781216,2023,Mexico,Race
6057949432001,k9CLwmWhs,1781561672205168551,2023,Brasil,Free Practice 1
6057949432001,k9CLwmWhs,1781573403788824125,2023,Brasil,Qualifying
6057949432001,k9CLwmWhs,1781647864057785774,2023,Brasil,Sprint Shootout
6057949432001,k9CLwmWhs,1781663769055657789,2023,Brasil,Sprint
6057949432001,k9CLwmWhs,1781753772008892973,2023,Brasil,Race
6057949432001,k9CLwmWhs,1782818337172826275,2023,Las Vegas,Free Practice 2
6057949432001,k9CLwmWhs,1782882894290611515,2023,Las Vegas,Free Practice 3
6057949432001,k9CLwmWhs,1782893608051780023,2023,Las Vegas,Qualifying
6057949432001,k9CLwmWhs,1782983216069533007,2023,Las Vegas,Race
6057949432001,k9CLwmWhs,1783445648528325687,2023,Abu Dhabi,Free Practice 1
6057949432001,k9CLwmWhs,1783458773347560875,2023,Abu Dhabi,Free Practice 2
6057949432001,k9CLwmWhs,1783540678329843538,2023,Abu Dhabi,Free Practice 3
6057949432001,k9CLwmWhs,1783550766947941724,2023,Abu Dhabi,Qualifying
6057949432001,k9CLwmWhs,1783641125906393077,2023,Abu Dhabi,Race
6057949432001,k9CLwmWhs,1792241034094151764,2024,Bahrain,Free Practice 1
6057949432001,k9CLwmWhs,1792254101338017399,2024,Bahrain,Free Practice 2
6057949432001,k9CLwmWhs,1792334627443038187,2024,Bahrain,Free Practice 3
6057949432001,k9CLwmWhs,1792345906076395805,2024,Bahrain,Qualifying
6057949432001,k9CLwmWhs,1792435980486921850,2024,Bahrain,Race
6057949432001,k9CLwmWhs,1792882871050804938,2024,Saudi Arabia,Free Practice 1
6057949432001,k9CLwmWhs,1792897073147707542,2024,Saudi Arabia,Free Practice 2
6057949432001,k9CLwmWhs,1792973159476947829,2024,Saudi Arabia,Free Practice 3
6057949432001,k9CLwmWhs,1792984071693775340,2024,Saudi Arabia,Qualifying
6057949432001,k9CLwmWhs,1793076237513346674,2024,Saudi Arabia,Race
6057949432001,k9CLwmWhs,1794198472580066166,2024,Australia,Free Practice 1
6057949432001,k9CLwmWhs,1794210144921223316,2024,Australia,Free Practice 2
6057949432001,k9CLwmWhs,1794287045995104344,2024,Australia,Free Practice 3
6057949432001,k9CLwmWhs,1794299544902410424,2024,Australia,Qualifying
6057949432001,k9CLwmWhs,1794387578890217636,2024,Australia,Race
6057949432001,k9CLwmWhs,1795469893763434283,2024,Japan,Free Practice 1
6057949432001,k9CLwmWhs,1795483283113346232,2024,Japan,Free Practice 2
6057949432001,k9CLwmWhs,1795559965066127760,2024,Japan,Free Practice 3
6057949432001,k9CLwmWhs,1795570663969108454,2024,Japan,Qualifying
6057949432001,k9CLwmWhs,1795660571915170287,2024,Japan,Race
6057949432001,k9CLwmWhs,1796741422603164059,2024,China,Free Practice 1
6057949432001,k9CLwmWhs,1796755819550635707,2024,China,Sprint Qualifying
6057949432001,k9CLwmWhs,1796826913773129109,2024,China,Sprint
6057949432001,k9CLwmWhs,1796842665265825879,2024,China,Qualifying
6057949432001,k9CLwmWhs,1796937772568544338,2024,China,Race
6057949432001,k9CLwmWhs,1798060984535806572,2024,Miami,Free Practice 1
6057949432001,k9CLwmWhs,1798069960714329795,2024,Miami,Sprint Qualifying
6057949432001,k9CLwmWhs,1798143305844754521,2024,Miami,Sprint
6057949432001,k9CLwmWhs,1798159525788732754,2024,Miami,Qualifying
6057949432001,k9CLwmWhs,1798254901950547038,2024,Miami,Race
6057949432001,k9CLwmWhs,1799308590899427007,2024,Emilia Romagna,Free Practice 1
6057949432001,k9CLwmWhs,1799320758842787925,2024,Emilia Romagna,Free Practice 2
6057949432001,k9CLwmWhs,1799396366520015249,2024,Emilia Romagna,Free Practice 3
6057949432001,k9CLwmWhs,1799405375506551611,2024,Emilia Romagna,Qualifying
6057949432001,k9CLwmWhs,1799495387235353691,2024,Emilia Romagna,Race
6057949432001,k9CLwmWhs,1799941886272570545,2024,Monaco,Free Practice 1
6057949432001,k9CLwmWhs,1799957196445781392,2024,Monaco,Free Practice 2
6057949432001,k9CLwmWhs,1800039024739428626,2024,Monaco,Qualifying
6057949432001,k9CLwmWhs,1800132618250746394,2024,Monaco,Race
6057949432001,k9CLwmWhs,1801234491452010985,2024,Canada,Free Practice 1
6057949432001,k9CLwmWhs,1801245724412638897,2024,Canada,Free Practice 2
6057949432001,k9CLwmWhs,1801319649417987877,2024,Canada,Free Practice 3
6057949432001,k9CLwmWhs,1801330762527438516,2024,Canada,Qualifying
6057949432001,k9CLwmWhs,1801422765084896058,2024,Canada,Race
6057949432001,k9CLwmWhs,1802479391785080802,2024,Spain,Free Practice 1
6057949432001,k9CLwmWhs,1802491643447667572,2024,Spain,Free Practice 2
6057949432001,k9CLwmWhs,1802565573472636251,2024,Spain,Free Practice 3
6057949432001,k9CLwmWhs,1802576252139096725,2024,Spain,Qualifying
6057949432001,k9CLwmWhs,1802666577782303610,2024,Spain,Race
6057949432001,k9CLwmWhs,1803110253534873690,2024,Austria,Free Practice 1
6057949432001,k9CLwmWhs,1803120328038099228,2024,Austria,Sprint Qualifying
6057949432001,k9CLwmWhs,1803193938025028412,2024,Austria,Sprint
6057949432001,k9CLwmWhs,1803210001436498333,2024,Austria,Qualifying
6057949432001,k9CLwmWhs,1803301432149863284,2024,Austria,Race
6057949432001,k9CLwmWhs,1803747691463585161,2024,Great Britain,Free Practice 1
6057949432001,k9CLwmWhs,1805029067171122811,2024,Great Britain,Free Practice 2
6057949432001,k9CLwmWhs,1803833860098520755,2024,Great Britain,Free Practice 3
6057949432001,k9CLwmWhs,1803845126988966865,2024,Great Britain,Qualifying
6057949432001,k9CLwmWhs,1803937851447855766,2024,Great Britain,Race
6057949432001,k9CLwmWhs,1805017036176072888,2024,Hungary,Free Practice 1
6057949432001,k9CLwmWhs,1772051897496034632,2024,Hungary,Free Practice 2
6057949432001,k9CLwmWhs,1805100864826737843,2024,Hungary,Free Practice 3
6057949432001,k9CLwmWhs,1805113354521281622,2024,Hungary,Qualifying
6057949432001,k9CLwmWhs,1805204987035108738,2024,Hungary,Race
6057949432001,k9CLwmWhs,1805651573995351424,2024,Belgium,Free Practice 1
6057949432001,k9CLwmWhs,1805662720430671033,2024,Belgium,Free Practice 2
6057949432001,k9CLwmWhs,1805736229680871088,2024,Belgium,Free Practice 3
6057949432001,k9CLwmWhs,1805746467387644733,2024,Belgium,Qualifying
6057949432001,k9CLwmWhs,1805837620520897881,2024,Belgium,Race
6057949432001,k9CLwmWhs,1808182953066296100,2024,Netherlands,Free Practice 1
6057949432001,k9CLwmWhs,1808194348359028113,2024,Netherlands,Free Practice 2
6057949432001,k9CLwmWhs,1808268848899404270,2024,Netherlands,Free Practice 3
6057949432001,k9CLwmWhs,1808279102101096531,2024,Netherlands,Qualifying
6057949432001,k9CLwmWhs,1808373278349135717,2024,Netherlands,Race
6057949432001,k9CLwmWhs,1808822172181694245,2024,Italy,Free Practice 1
6057949432001,k9CLwmWhs,1808833415848218235,2024,Italy,Free Practice 2
6057949432001,k9CLwmWhs,1808906976118115731,2024,Italy,Free Practice 3
6057949432001,k9CLwmWhs,1808917471075176299,2024,Italy,Qualifying
6057949432001,k9CLwmWhs,1809008290664710297,2024,Italy,Race
6057949432001,k9CLwmWhs,1810080715800251802,2024,Azerbaijan,Free Practice 1
6057949432001,k9CLwmWhs,1810094689499339160,2024,Azerbaijan,Free Practice 2
6057949432001,k9CLwmWhs,1810167671951307239,2024,Azerbaijan,Free Practice 3
6057949432001,k9CLwmWhs,1810178595950111711,2024,Azerbaijan,Qualifying
6057949432001,k9CLwmWhs,1810269241340785263,2024,Azerbaijan,Race
6057949432001,k9CLwmWhs,1810716402827262495,2024,Singapore,Free Practice 1
6057949432001,k9CLwmWhs,1810730707508407682,2024,Singapore,Free Practice 2
6057949432001,k9CLwmWhs,1810806043430480287,2024,Singapore,Free Practice 3
6057949432001,k9CLwmWhs,1810817536225035653,2024,Singapore,Qualifying
6057949432001,k9CLwmWhs,1810908996339488750,2024,Singapore,Race
6057949432001,k9CLwmWhs,1813281933104181859,2024,United States,Free Practice 1
6057949432001,k9CLwmWhs,1813293436803995616,2024,United States,Sprint Qualifying
6057949432001,k9CLwmWhs,1813371828139164851,2024,United States,Sprint
6057949432001,k9CLwmWhs,1813387348386240495,2024,United States,Qualifying
6057949432001,k9CLwmWhs,1813470035409054672,2024,United States,Race
6057949432001,k9CLwmWhs,1813919304190427281,2024,Mexico,Free Practice 1
6057949432001,k9CLwmWhs,1813935101632829412,2024,Mexico,Free Practice 2
6057949432001,k9CLwmWhs,1814006346827032991,2024,Mexico,Free Practice 3
6057949432001,k9CLwmWhs,1814017572747546465,2024,Mexico,Qualifying
6057949432001,k9CLwmWhs,1814108587204365950,2024,Mexico,Race